candidate,chemical_valid,contact_precision,dockq,dockq_fnat,dockq_irmsd_A,dockq_lrmsd_A,dockq_status,e3_anchor_local_rmsd_A,e3_ca_rmsd_A,e3_head_local_rmsd_A,e3_ligand_clashes_2A,e3_ligand_contacts_5A,e3_ligand_vdw_clashes,errors,joint_success,ligand_rmsd_A,ligand_success,ligand_symmetry_rmsd_A,native_contact_recall,no_ppi_fallback_success,pb_checks,pb_mol_fast_valid,poi_anchor_local_rmsd_A,poi_head_local_rmsd_A,poi_ligand_clashes_2A,poi_ligand_contacts_5A,poi_ligand_vdw_clashes,ppi_clashes_2A,ppi_contacts_5A,ppi_success,ppi_vdw_clashes,rank,seed,stereo_valid,steric_valid
s44_c30,True,0.0,0.06362487440161624,0.0,7.7137864288447675,19.889009409069438,assessed,0.35214948335873975,48.88472784731019,,23,14,50,[],,10.588280063691169,False,10.570056323028405,0.0,,"{""mol_pred_loaded"": true, ""sanitization"": true, ""inchi_convertible"": true, ""all_atoms_connected"": true, ""no_radicals"": true, ""bond_lengths"": true, ""bond_angles"": true, ""internal_steric_clash"": true, ""aromatic_ring_flatness"": true, ""non-aromatic_ring_non-flatness"": true, ""double_bond_flatness"": true}",True,0.017724966928102884,,0,15,2,45,75,False,90,1,44,True,False
s43_c14,True,0.0,0.04547568316323402,0.0,12.056332668026554,22.890006432949995,assessed,0.35420427389648595,43.88804633593551,,24,18,53,[],,11.544224686013477,False,11.544224686013477,0.0,,"{""mol_pred_loaded"": true, ""sanitization"": true, ""inchi_convertible"": true, ""all_atoms_connected"": true, ""no_radicals"": true, ""bond_lengths"": true, ""bond_angles"": true, ""internal_steric_clash"": true, ""aromatic_ring_flatness"": true, ""non-aromatic_ring_non-flatness"": true, ""double_bond_flatness"": true}",True,0.01677503744406289,,16,17,32,75,72,False,136,2,43,True,False
s42_c15,True,0.008403361344537815,0.04182749295296012,0.024390243902439025,11.512988412663908,27.99616955880842,assessed,0.019725785917535436,48.57555175006637,,13,16,22,[],,7.023315497558738,False,6.99663505045567,0.024390243902439025,,"{""mol_pred_loaded"": true, ""sanitization"": true, ""inchi_convertible"": true, ""all_atoms_connected"": true, ""no_radicals"": true, ""bond_lengths"": true, ""bond_angles"": true, ""internal_steric_clash"": true, ""aromatic_ring_flatness"": true, ""non-aromatic_ring_non-flatness"": true, ""double_bond_flatness"": true}",True,0.01734824484473457,,21,17,38,96,119,False,170,3,42,True,False
s43_c25,True,0.02666666666666667,0.07599293762536383,0.0975609756097561,10.90890423176963,23.950707545865708,assessed,0.017077119684678947,31.960041665976426,,52,21,101,[],,11.704072659513585,False,11.688205643124679,0.0975609756097561,,"{""mol_pred_loaded"": true, ""sanitization"": true, ""inchi_convertible"": true, ""all_atoms_connected"": true, ""no_radicals"": true, ""bond_lengths"": true, ""bond_angles"": true, ""internal_steric_clash"": true, ""aromatic_ring_flatness"": true, ""non-aromatic_ring_non-flatness"": true, ""double_bond_flatness"": true}",True,0.019408392739356926,,34,21,60,71,150,False,135,4,43,True,False
s44_c2,True,0.07339449541284404,0.1287913306317657,0.1951219512195122,5.736590322226387,22.25989302341496,assessed,0.35261496649025215,23.17147355945775,,21,21,48,[],,6.452545196856825,False,6.452545196856825,0.1951219512195122,,"{""mol_pred_loaded"": true, ""sanitization"": true, ""inchi_convertible"": true, ""all_atoms_connected"": true, ""no_radicals"": true, ""bond_lengths"": true, ""bond_angles"": true, ""internal_steric_clash"": true, ""aromatic_ring_flatness"": true, ""non-aromatic_ring_non-flatness"": true, ""double_bond_flatness"": true}",True,0.03641455916427893,,32,24,70,110,109,False,195,5,44,True,False
s44_c8,True,0.09523809523809523,0.2087637039992025,0.34146341463414637,4.904026109248181,17.038630629155076,assessed,0.017464587312852716,14.735412519008177,,1,19,5,[],,6.627008726423924,False,6.597630302622951,0.34146341463414637,,"{""mol_pred_loaded"": true, ""sanitization"": true, ""inchi_convertible"": true, ""all_atoms_connected"": true, ""no_radicals"": true, ""bond_lengths"": true, ""bond_angles"": true, ""internal_steric_clash"": true, ""aromatic_ring_flatness"": true, ""non-aromatic_ring_non-flatness"": true, ""double_bond_flatness"": true}",True,0.016836640921544015,,10,19,18,165,147,False,322,6,44,True,False
s43_c4,True,0.0,0.04730251992901031,0.0,9.388769221905209,23.349023617967447,assessed,0.35932637845650545,62.479557224387094,,5,18,13,[],,15.89814953541044,False,15.885919409700731,0.0,,"{""mol_pred_loaded"": true, ""sanitization"": true, ""inchi_convertible"": true, ""all_atoms_connected"": true, ""no_radicals"": true, ""bond_lengths"": true, ""bond_angles"": true, ""internal_steric_clash"": true, ""aromatic_ring_flatness"": true, ""non-aromatic_ring_non-flatness"": true, ""double_bond_flatness"": true}",True,0.015304632773342191,,54,30,96,160,155,False,299,7,43,True,False
s44_c25,True,0.01015228426395939,0.0594694504818575,0.04878048780487805,9.652839756173595,24.67861996739941,assessed,0.025782992598460678,40.16833659142641,,41,18,72,[],,8.654307145961905,False,8.63169726892611,0.04878048780487805,,"{""mol_pred_loaded"": true, ""sanitization"": true, ""inchi_convertible"": true, ""all_atoms_connected"": true, ""no_radicals"": true, ""bond_lengths"": true, ""bond_angles"": true, ""internal_steric_clash"": true, ""aromatic_ring_flatness"": true, ""non-aromatic_ring_non-flatness"": true, ""double_bond_flatness"": true}",True,0.014733745262617809,,16,21,33,172,197,False,334,8,44,True,False
s43_c8,True,0.0,0.08435718415594774,0.0,9.248462891023934,15.665743876001684,assessed,0.03178075901930302,40.40045167321413,,48,22,103,[],,11.598362727940133,False,11.598362727940133,0.0,,"{""mol_pred_loaded"": true, ""sanitization"": true, ""inchi_convertible"": true, ""all_atoms_connected"": true, ""no_radicals"": true, ""bond_lengths"": true, ""bond_angles"": true, ""internal_steric_clash"": true, ""aromatic_ring_flatness"": true, ""non-aromatic_ring_non-flatness"": true, ""double_bond_flatness"": true}",True,0.017121149452173783,,40,19,77,146,184,False,296,9,43,True,False
s42_c12,True,0.0,0.022738128771071953,0.0,11.869253927470263,36.112176905666345,assessed,0.3532872871816914,64.07932990267935,,28,22,71,[],,14.911100238387231,False,14.911100238387231,0.0,,"{""mol_pred_loaded"": true, ""sanitization"": true, ""inchi_convertible"": true, ""all_atoms_connected"": true, ""no_radicals"": true, ""bond_lengths"": true, ""bond_angles"": true, ""internal_steric_clash"": true, ""aromatic_ring_flatness"": true, ""non-aromatic_ring_non-flatness"": true, ""double_bond_flatness"": true}",True,0.01734730305399848,,31,25,69,205,252,False,411,10,42,True,False
s44_c6,True,0.041237113402061855,0.10416896880177835,0.1951219512195122,12.40532566807869,25.087378825637472,assessed,0.35871183689295555,31.16668006514734,,44,15,77,[],,10.245613506742998,False,10.22742280817526,0.1951219512195122,,"{""mol_pred_loaded"": true, ""sanitization"": true, ""inchi_convertible"": true, ""all_atoms_connected"": true, ""no_radicals"": true, ""bond_lengths"": true, ""bond_angles"": true, ""internal_steric_clash"": true, ""aromatic_ring_flatness"": true, ""non-aromatic_ring_non-flatness"": true, ""double_bond_flatness"": true}",True,0.02729975271627553,,56,26,120,170,194,False,332,11,44,True,False
s42_c19,True,0.0,0.029445940650903335,0.0,12.758485675189547,29.91491738638521,assessed,0.016313356401576187,34.20481811563108,,65,20,137,[],,12.357519169938675,False,12.357519169938675,0.0,,"{""mol_pred_loaded"": true, ""sanitization"": true, ""inchi_convertible"": true, ""all_atoms_connected"": true, ""no_radicals"": true, ""bond_lengths"": true, ""bond_angles"": true, ""internal_steric_clash"": true, ""aromatic_ring_flatness"": true, ""non-aromatic_ring_non-flatness"": true, ""double_bond_flatness"": true}",True,0.018529468011398376,,21,19,43,202,217,False,363,12,42,True,False
s44_c18,True,0.0,0.03363933168389993,0.0,8.659582259911227,30.564589199642672,assessed,0.01682754148274635,32.953924606055594,,10,19,21,[],,7.166191112004507,False,7.166191112004507,0.0,,"{""mol_pred_loaded"": true, ""sanitization"": true, ""inchi_convertible"": true, ""all_atoms_connected"": true, ""no_radicals"": true, ""bond_lengths"": true, ""bond_angles"": true, ""internal_steric_clash"": true, ""aromatic_ring_flatness"": true, ""non-aromatic_ring_non-flatness"": true, ""double_bond_flatness"": true}",True,0.01647270178914957,,8,17,18,305,350,False,602,13,44,True,False
s42_c23,True,0.0,0.01831772900007304,0.0,14.129405642167434,39.71111870055795,assessed,0.0186051363498893,46.947835545862915,,60,28,122,[],,17.08036110758956,False,17.08036110758956,0.0,,"{""mol_pred_loaded"": true, ""sanitization"": true, ""inchi_convertible"": true, ""all_atoms_connected"": true, ""no_radicals"": true, ""bond_lengths"": true, ""bond_angles"": true, ""internal_steric_clash"": true, ""aromatic_ring_flatness"": true, ""non-aromatic_ring_non-flatness"": true, ""double_bond_flatness"": true}",True,0.016752652387738008,,0,16,0,269,272,False,534,14,42,True,False
s43_c0,True,0.0,0.03711200150755801,0.0,11.986704686911617,26.095964914954184,assessed,0.01875225448529338,49.864218997421226,,17,23,29,[],,12.933706264687586,False,12.933706264687586,0.0,,"{""mol_pred_loaded"": true, ""sanitization"": true, ""inchi_convertible"": true, ""all_atoms_connected"": true, ""no_radicals"": true, ""bond_lengths"": true, ""bond_angles"": true, ""internal_steric_clash"": true, ""aromatic_ring_flatness"": true, ""non-aromatic_ring_non-flatness"": true, ""double_bond_flatness"": true}",True,0.01485955995978025,,43,18,63,289,242,False,526,15,43,True,False
s43_c15,True,0.0,0.024335233904009754,0.0,11.274776581044373,35.02695943911222,assessed,0.01767156976669302,60.918524800467,,9,19,15,[],,12.605779801343667,False,12.59067016089413,0.0,,"{""mol_pred_loaded"": true, ""sanitization"": true, ""inchi_convertible"": true, ""all_atoms_connected"": true, ""no_radicals"": true, ""bond_lengths"": true, ""bond_angles"": true, ""internal_steric_clash"": true, ""aromatic_ring_flatness"": true, ""non-aromatic_ring_non-flatness"": true, ""double_bond_flatness"": true}",True,0.015140972472711263,,52,21,99,293,304,False,577,16,43,True,False
s42_c7,True,0.0,0.026547401279443324,0.0,14.923434109530177,31.068035924019743,assessed,0.36064470796718395,37.47248173155812,,45,20,84,[],,13.232192968387675,False,13.217672141094095,0.0,,"{""mol_pred_loaded"": true, ""sanitization"": true, ""inchi_convertible"": true, ""all_atoms_connected"": true, ""no_radicals"": true, ""bond_lengths"": true, ""bond_angles"": true, ""internal_steric_clash"": true, ""aromatic_ring_flatness"": true, ""non-aromatic_ring_non-flatness"": true, ""double_bond_flatness"": true}",True,0.02131627468894882,,48,26,83,261,258,False,488,17,42,True,False
s42_c4,True,0.0024271844660194173,0.024998726982714325,0.024390243902439025,16.390258893496977,40.44487361121512,assessed,0.01543751427865786,35.16462840343679,,6,17,11,[],,13.88160978431176,False,13.88160978431176,0.024390243902439025,,"{""mol_pred_loaded"": true, ""sanitization"": true, ""inchi_convertible"": true, ""all_atoms_connected"": true, ""no_radicals"": true, ""bond_lengths"": true, ""bond_angles"": true, ""internal_steric_clash"": true, ""aromatic_ring_flatness"": true, ""non-aromatic_ring_non-flatness"": true, ""double_bond_flatness"": true}",True,0.014997851330166132,,23,18,49,347,412,False,750,18,42,True,False
s42_c2,True,0.011278195488721804,0.0895362062749037,0.07317073170731707,7.486256005418813,19.70810031775875,assessed,0.018253437870438496,28.11750918859233,,50,22,110,[],,8.563031662869557,False,8.54013767259355,0.07317073170731707,,"{""mol_pred_loaded"": true, ""sanitization"": true, ""inchi_convertible"": true, ""all_atoms_connected"": true, ""no_radicals"": true, ""bond_lengths"": true, ""bond_angles"": true, ""internal_steric_clash"": true, ""aromatic_ring_flatness"": true, ""non-aromatic_ring_non-flatness"": true, ""double_bond_flatness"": true}",True,0.02396860525919244,,92,30,167,242,266,False,476,19,42,True,False
s44_c3,True,0.0,0.029270310211131342,0.0,13.825104511257447,29.600865094129702,assessed,0.37179171402078093,32.56700798674386,,32,23,61,[],,12.163638298176112,False,12.148763487682345,0.0,,"{""mol_pred_loaded"": true, ""sanitization"": true, ""inchi_convertible"": true, ""all_atoms_connected"": true, ""no_radicals"": true, ""bond_lengths"": true, ""bond_angles"": true, ""internal_steric_clash"": true, ""aromatic_ring_flatness"": true, ""non-aromatic_ring_non-flatness"": true, ""double_bond_flatness"": true}",True,0.016974546774792838,,37,25,71,315,289,False,613,20,44,True,False
s44_c22,True,0.0030959752321981426,0.05942332866590629,0.024390243902439025,8.015168115633944,23.013581191561226,assessed,0.34548399099849575,54.90683979486537,,34,24,78,[],,13.271607484644017,False,13.271607484644017,0.024390243902439025,,"{""mol_pred_loaded"": true, ""sanitization"": true, ""inchi_convertible"": true, ""all_atoms_connected"": true, ""no_radicals"": true, ""bond_lengths"": true, ""bond_angles"": true, ""internal_steric_clash"": true, ""aromatic_ring_flatness"": true, ""non-aromatic_ring_non-flatness"": true, ""double_bond_flatness"": true}",True,0.027981098997144734,,56,26,114,315,323,False,597,21,44,True,False
s42_c26,True,0.0,0.0263830585914711,0.0,12.429718259139266,32.292516432706115,assessed,0.014916675390030538,24.587051468105148,,39,25,64,[],,11.867754577933747,False,11.85258446773593,0.0,,"{""mol_pred_loaded"": true, ""sanitization"": true, ""inchi_convertible"": true, ""all_atoms_connected"": true, ""no_radicals"": true, ""bond_lengths"": true, ""bond_angles"": true, ""internal_steric_clash"": true, ""aromatic_ring_flatness"": true, ""non-aromatic_ring_non-flatness"": true, ""double_bond_flatness"": true}",True,0.017676026170667637,,34,20,56,336,323,False,627,22,42,True,False
s43_c1,True,0.0,0.043250345412872405,0.0,10.925331312629853,24.024777415660843,assessed,0.02006186025600629,32.25446723484833,,50,30,93,[],,12.909192341726069,False,12.894270518299525,0.0,,"{""mol_pred_loaded"": true, ""sanitization"": true, ""inchi_convertible"": true, ""all_atoms_connected"": true, ""no_radicals"": true, ""bond_lengths"": true, ""bond_angles"": true, ""internal_steric_clash"": true, ""aromatic_ring_flatness"": true, ""non-aromatic_ring_non-flatness"": true, ""double_bond_flatness"": true}",True,0.019688805057619437,,65,27,113,306,278,False,552,23,43,True,False
s43_c12,True,0.0,0.0356826663028904,0.0,10.191027589005614,27.738111128244554,assessed,0.027944723050494336,47.665959780842556,,35,24,76,[],,10.241562963565954,False,10.241562963565954,0.0,,"{""mol_pred_loaded"": true, ""sanitization"": true, ""inchi_convertible"": true, ""all_atoms_connected"": true, ""no_radicals"": true, ""bond_lengths"": true, ""bond_angles"": true, ""internal_steric_clash"": true, ""aromatic_ring_flatness"": true, ""non-aromatic_ring_non-flatness"": true, ""double_bond_flatness"": true}",True,0.02288154153510677,,32,22,63,354,338,False,646,24,43,True,False
s43_c18,True,0.002793296089385475,0.04353926556661405,0.024390243902439025,11.47432715593951,27.123557885119734,assessed,0.35010512574967795,33.62803606700736,,41,29,97,[],,13.606984397471829,False,13.592921831811092,0.024390243902439025,,"{""mol_pred_loaded"": true, ""sanitization"": true, ""inchi_convertible"": true, ""all_atoms_connected"": true, ""no_radicals"": true, ""bond_lengths"": true, ""bond_angles"": true, ""internal_steric_clash"": true, ""aromatic_ring_flatness"": true, ""non-aromatic_ring_non-flatness"": true, ""double_bond_flatness"": true}",True,0.03057349088510887,,54,22,107,348,358,False,656,25,43,True,False
s44_c7,True,0.0,0.029065623444032036,0.0,11.926451958576143,30.601921643382404,assessed,0.016372361999473485,52.81988596093457,,15,15,34,[],,11.303961906426961,False,11.303961906426961,0.0,,"{""mol_pred_loaded"": true, ""sanitization"": true, ""inchi_convertible"": true, ""all_atoms_connected"": true, ""no_radicals"": true, ""bond_lengths"": true, ""bond_angles"": true, ""internal_steric_clash"": true, ""aromatic_ring_flatness"": true, ""non-aromatic_ring_non-flatness"": true, ""double_bond_flatness"": true}",True,0.020765872835976716,,64,26,122,378,375,False,771,26,44,True,False
s42_c10,True,0.0,0.035124076733114164,0.0,9.006770907613513,29.145937662213676,assessed,0.016787926591085352,49.55390100692311,,26,24,54,[],,8.287360159974059,False,8.287360159974059,0.0,,"{""mol_pred_loaded"": true, ""sanitization"": true, ""inchi_convertible"": true, ""all_atoms_connected"": true, ""no_radicals"": true, ""bond_lengths"": true, ""bond_angles"": true, ""internal_steric_clash"": true, ""aromatic_ring_flatness"": true, ""non-aromatic_ring_non-flatness"": true, ""double_bond_flatness"": true}",True,0.016379739691627197,,19,20,44,418,351,False,735,27,42,True,False
s42_c25,True,0.015,0.08459461976942385,0.14634146341463414,10.969976800752198,27.179780728291245,assessed,0.018379519886564444,34.713571563045875,,2,17,13,[],,11.759510636795659,False,11.759510636795659,0.14634146341463414,,"{""mol_pred_loaded"": true, ""sanitization"": true, ""inchi_convertible"": true, ""all_atoms_connected"": true, ""no_radicals"": true, ""bond_lengths"": true, ""bond_angles"": true, ""internal_steric_clash"": true, ""aromatic_ring_flatness"": true, ""non-aromatic_ring_non-flatness"": true, ""double_bond_flatness"": true}",True,0.014142921565591467,,68,28,123,400,400,False,754,28,42,True,False
s44_c5,True,0.0,0.03677046310273429,0.0,11.582482306252354,26.41727408726668,assessed,0.3511247331004149,49.993072379430394,,52,24,101,[],,7.315514958988832,False,7.2889707956967,0.0,,"{""mol_pred_loaded"": true, ""sanitization"": true, ""inchi_convertible"": true, ""all_atoms_connected"": true, ""no_radicals"": true, ""bond_lengths"": true, ""bond_angles"": true, ""internal_steric_clash"": true, ""aromatic_ring_flatness"": true, ""non-aromatic_ring_non-flatness"": true, ""double_bond_flatness"": true}",True,0.018335673941282632,,39,18,66,390,420,False,781,29,44,True,False
s42_c11,True,0.024922118380062305,0.1318508780136125,0.1951219512195122,7.845287457665758,19.110090088329127,assessed,0.03469880675059934,41.15386246998745,,73,28,125,[],,11.36624115934752,False,11.36624115934752,0.1951219512195122,,"{""mol_pred_loaded"": true, ""sanitization"": true, ""inchi_convertible"": true, ""all_atoms_connected"": true, ""no_radicals"": true, ""bond_lengths"": true, ""bond_angles"": true, ""internal_steric_clash"": true, ""aromatic_ring_flatness"": true, ""non-aromatic_ring_non-flatness"": true, ""double_bond_flatness"": true}",True,0.015859275298251256,,54,24,101,361,321,False,691,30,42,True,False
s42_c28,True,0.0,0.027962768989144644,0.0,11.562906513313989,31.633719445470277,assessed,0.017461759658946974,39.11668142339558,,13,18,26,[],,8.558886682596304,False,8.536377607296586,0.0,,"{""mol_pred_loaded"": true, ""sanitization"": true, ""inchi_convertible"": true, ""all_atoms_connected"": true, ""no_radicals"": true, ""bond_lengths"": true, ""bond_angles"": true, ""internal_steric_clash"": true, ""aromatic_ring_flatness"": true, ""non-aromatic_ring_non-flatness"": true, ""double_bond_flatness"": true}",True,0.026662246276762856,,33,24,82,443,442,False,844,31,42,True,False
s42_c27,True,0.0,0.019900803110675613,0.0,13.865747595958846,37.798709823496175,assessed,0.01742467596498779,37.06607337474019,,59,20,122,[],,10.206649266842984,False,10.206649266842984,0.0,,"{""mol_pred_loaded"": true, ""sanitization"": true, ""inchi_convertible"": true, ""all_atoms_connected"": true, ""no_radicals"": true, ""bond_lengths"": true, ""bond_angles"": true, ""internal_steric_clash"": true, ""aromatic_ring_flatness"": true, ""non-aromatic_ring_non-flatness"": true, ""double_bond_flatness"": true}",True,0.017956762206914157,,46,20,83,410,470,False,761,32,42,True,False
s43_c16,True,0.014285714285714285,0.0871563300492948,0.14634146341463414,10.653019829775593,26.130767715616017,assessed,0.06600487431652455,49.14533813215041,,43,19,102,[],,12.255924768252095,False,12.255924768252095,0.14634146341463414,,"{""mol_pred_loaded"": true, ""sanitization"": true, ""inchi_convertible"": true, ""all_atoms_connected"": true, ""no_radicals"": true, ""bond_lengths"": true, ""bond_angles"": true, ""internal_steric_clash"": true, ""aromatic_ring_flatness"": true, ""non-aromatic_ring_non-flatness"": true, ""double_bond_flatness"": true}",True,0.015351823049731648,,69,34,132,412,420,False,810,33,43,True,False
s43_c22,True,0.0,0.03525896241019639,0.0,10.204629464443261,27.95522494978551,assessed,0.34764620416869507,69.20732968275954,,6,16,16,[],,14.614789801625784,False,14.614789801625784,0.0,,"{""mol_pred_loaded"": true, ""sanitization"": true, ""inchi_convertible"": true, ""all_atoms_connected"": true, ""no_radicals"": true, ""bond_lengths"": true, ""bond_angles"": true, ""internal_steric_clash"": true, ""aromatic_ring_flatness"": true, ""non-aromatic_ring_non-flatness"": true, ""double_bond_flatness"": true}",True,0.022979724658829134,,57,30,99,466,510,False,931,34,43,True,False
s42_c29,True,0.005376344086021506,0.058996712926605244,0.04878048780487805,11.167975251434042,24.117600082413595,assessed,0.36380951681269097,28.984368135670568,,73,30,130,[],,9.746429573117721,False,9.726439520561087,0.04878048780487805,,"{""mol_pred_loaded"": true, ""sanitization"": true, ""inchi_convertible"": true, ""all_atoms_connected"": true, ""no_radicals"": true, ""bond_lengths"": true, ""bond_angles"": true, ""internal_steric_clash"": true, ""aromatic_ring_flatness"": true, ""non-aromatic_ring_non-flatness"": true, ""double_bond_flatness"": true}",True,0.013545777378244682,,89,33,158,369,372,False,720,35,42,True,False
s42_c20,True,0.0,0.04112612599158347,0.0,9.525124954483552,25.616987446404238,assessed,0.01741446052880647,22.27468384567306,,81,29,138,[],,8.810742525529559,False,8.788671673055795,0.0,,"{""mol_pred_loaded"": true, ""sanitization"": true, ""inchi_convertible"": true, ""all_atoms_connected"": true, ""no_radicals"": true, ""bond_lengths"": true, ""bond_angles"": true, ""internal_steric_clash"": true, ""aromatic_ring_flatness"": true, ""non-aromatic_ring_non-flatness"": true, ""double_bond_flatness"": true}",True,0.01831914020686938,,17,16,32,447,450,False,870,36,42,True,False
s43_c28,True,0.0049504950495049506,0.0536306066969377,0.04878048780487805,8.879988007408498,28.00187094995323,assessed,0.016878456236021067,60.69702357302434,,29,26,65,[],,13.035526401803546,False,13.035526401803546,0.04878048780487805,,"{""mol_pred_loaded"": true, ""sanitization"": true, ""inchi_convertible"": true, ""all_atoms_connected"": true, ""no_radicals"": true, ""bond_lengths"": true, ""bond_angles"": true, ""internal_steric_clash"": true, ""aromatic_ring_flatness"": true, ""non-aromatic_ring_non-flatness"": true, ""double_bond_flatness"": true}",True,0.0176646315946234,,69,31,128,449,404,False,834,37,43,True,False
s42_c0,True,0.002207505518763797,0.06458790936160956,0.024390243902439025,8.106260632513623,21.400025138079467,assessed,0.020391776496944816,14.74127914367315,,40,29,89,[],,10.142122864022085,False,10.122984958064452,0.024390243902439025,,"{""mol_pred_loaded"": true, ""sanitization"": true, ""inchi_convertible"": true, ""all_atoms_connected"": true, ""no_radicals"": true, ""bond_lengths"": true, ""bond_angles"": true, ""internal_steric_clash"": true, ""aromatic_ring_flatness"": true, ""non-aromatic_ring_non-flatness"": true, ""double_bond_flatness"": true}",True,0.016206262783610557,,36,24,70,485,453,False,928,38,42,True,False
s44_c29,True,0.001834862385321101,0.03136435626943407,0.024390243902439025,10.543063710031593,37.10432163582995,assessed,0.019493146121738525,44.36208380132214,,50,32,102,[],,7.5388476689672315,False,7.5388476689672315,0.024390243902439025,,"{""mol_pred_loaded"": true, ""sanitization"": true, ""inchi_convertible"": true, ""all_atoms_connected"": true, ""no_radicals"": true, ""bond_lengths"": true, ""bond_angles"": true, ""internal_steric_clash"": true, ""aromatic_ring_flatness"": true, ""non-aromatic_ring_non-flatness"": true, ""double_bond_flatness"": true}",True,0.027621783153878407,,22,20,57,499,545,False,987,39,44,True,False
s43_c20,True,0.0,0.025136851685752495,0.0,10.040992093937364,35.723583422224124,assessed,0.35514399130431207,57.74118357626056,,79,34,145,[],,12.35272440920238,False,12.337057504127282,0.0,,"{""mol_pred_loaded"": true, ""sanitization"": true, ""inchi_convertible"": true, ""all_atoms_connected"": true, ""no_radicals"": true, ""bond_lengths"": true, ""bond_angles"": true, ""internal_steric_clash"": true, ""aromatic_ring_flatness"": true, ""non-aromatic_ring_non-flatness"": true, ""double_bond_flatness"": true}",True,0.017589569035082173,,71,24,122,483,489,False,854,40,43,True,False
s43_c6,True,0.0,0.02328525623096325,0.0,11.898173260998343,35.50365328428205,assessed,0.02038399916929213,38.52595623352227,,66,22,114,[],,10.570491397272827,False,10.552002174508583,0.0,,"{""mol_pred_loaded"": true, ""sanitization"": true, ""inchi_convertible"": true, ""all_atoms_connected"": true, ""no_radicals"": true, ""bond_lengths"": true, ""bond_angles"": true, ""internal_steric_clash"": true, ""aromatic_ring_flatness"": true, ""non-aromatic_ring_non-flatness"": true, ""double_bond_flatness"": true}",True,0.020673753742312458,,64,21,110,514,531,False,999,41,43,True,False
s43_c29,True,0.007285974499089253,0.06419596860858824,0.0975609756097561,11.268827147607443,29.30192787790941,assessed,0.04967094314247163,53.12727279101053,,89,28,158,[],,10.214026115159035,False,10.214026115159035,0.0975609756097561,,"{""mol_pred_loaded"": true, ""sanitization"": true, ""inchi_convertible"": true, ""all_atoms_connected"": true, ""no_radicals"": true, ""bond_lengths"": true, ""bond_angles"": true, ""internal_steric_clash"": true, ""aromatic_ring_flatness"": true, ""non-aromatic_ring_non-flatness"": true, ""double_bond_flatness"": true}",True,0.016211836647365977,,30,21,55,529,549,False,1035,42,43,True,False
s44_c27,True,0.0055147058823529415,0.054211745419103785,0.07317073170731707,13.27465214296654,29.45855436575057,assessed,0.019772646015775146,50.62373348198652,,58,23,114,[],,10.386883952468013,False,10.386883952468013,0.07317073170731707,,"{""mol_pred_loaded"": true, ""sanitization"": true, ""inchi_convertible"": true, ""all_atoms_connected"": true, ""no_radicals"": true, ""bond_lengths"": true, ""bond_angles"": true, ""internal_steric_clash"": true, ""aromatic_ring_flatness"": true, ""non-aromatic_ring_non-flatness"": true, ""double_bond_flatness"": true}",True,0.024536869181288164,,60,29,114,537,544,False,1018,43,44,True,False
s42_c21,True,0.0016207455429497568,0.03691637857664822,0.024390243902439025,11.243142709583553,31.254076136720805,assessed,0.017412583972778138,31.932567597413648,,45,25,103,[],,8.87530313734633,False,8.85428985441516,0.024390243902439025,,"{""mol_pred_loaded"": true, ""sanitization"": true, ""inchi_convertible"": true, ""all_atoms_connected"": true, ""no_radicals"": true, ""bond_lengths"": true, ""bond_angles"": true, ""internal_steric_clash"": true, ""aromatic_ring_flatness"": true, ""non-aromatic_ring_non-flatness"": true, ""double_bond_flatness"": true}",True,0.017006726473233563,,22,18,38,592,617,False,1141,44,42,True,False
s44_c20,True,0.0016207455429497568,0.03691637857664822,0.024390243902439025,11.243142709583553,31.254076136720805,assessed,0.017412583972778138,31.932567597413648,,45,25,103,[],,8.87530313734633,False,8.85428985441516,0.024390243902439025,,"{""mol_pred_loaded"": true, ""sanitization"": true, ""inchi_convertible"": true, ""all_atoms_connected"": true, ""no_radicals"": true, ""bond_lengths"": true, ""bond_angles"": true, ""internal_steric_clash"": true, ""aromatic_ring_flatness"": true, ""non-aromatic_ring_non-flatness"": true, ""double_bond_flatness"": true}",True,0.017006726473233563,,22,18,38,592,617,False,1141,45,44,True,False
s44_c10,True,0.0015698587127158557,0.026901043947755065,0.024390243902439025,12.336207316297305,40.72546858945528,assessed,0.018498095517096923,44.1590957483073,,36,31,74,[],,13.442072461051822,False,13.442072461051822,0.024390243902439025,,"{""mol_pred_loaded"": true, ""sanitization"": true, ""inchi_convertible"": true, ""all_atoms_connected"": true, ""no_radicals"": true, ""bond_lengths"": true, ""bond_angles"": true, ""internal_steric_clash"": true, ""aromatic_ring_flatness"": true, ""non-aromatic_ring_non-flatness"": true, ""double_bond_flatness"": true}",True,0.018052961091666257,,16,18,30,609,637,False,1197,46,44,True,False
s42_c17,True,0.0,0.028439090524497623,0.0,10.795483945190567,31.878436735755272,assessed,0.017950664486975194,58.70489361330807,,15,23,26,[],,20.78798174291277,False,20.778869734667914,0.0,,"{""mol_pred_loaded"": true, ""sanitization"": true, ""inchi_convertible"": true, ""all_atoms_connected"": true, ""no_radicals"": true, ""bond_lengths"": true, ""bond_angles"": true, ""internal_steric_clash"": true, ""aromatic_ring_flatness"": true, ""non-aromatic_ring_non-flatness"": true, ""double_bond_flatness"": true}",True,0.020388015234949517,,19,22,47,652,654,False,1235,47,42,True,False
s44_c24,True,0.0,0.02376941494476273,0.0,14.325922267211272,33.506375913698555,assessed,0.3575495878008339,48.22626424531607,,49,27,113,[],,13.48145721521906,False,13.466964965436762,0.0,,"{""mol_pred_loaded"": true, ""sanitization"": true, ""inchi_convertible"": true, ""all_atoms_connected"": true, ""no_radicals"": true, ""bond_lengths"": true, ""bond_angles"": true, ""internal_steric_clash"": true, ""aromatic_ring_flatness"": true, ""non-aromatic_ring_non-flatness"": true, ""double_bond_flatness"": true}",True,0.023565976427364438,,44,35,99,613,620,False,1217,48,44,True,False
s44_c23,True,0.0,0.03687027813730175,0.0,10.56346645464679,26.8896737945821,assessed,0.022005350565594925,20.482931942926246,,89,36,161,[],,15.052871096998528,False,15.040202720941458,0.0,,"{""mol_pred_loaded"": true, ""sanitization"": true, ""inchi_convertible"": true, ""all_atoms_connected"": true, ""no_radicals"": true, ""bond_lengths"": true, ""bond_angles"": true, ""internal_steric_clash"": true, ""aromatic_ring_flatness"": true, ""non-aromatic_ring_non-flatness"": true, ""double_bond_flatness"": true}",True,0.015746071954269077,,49,23,104,577,609,False,1119,49,44,True,False
s43_c24,True,0.02066772655007949,0.12796858862823413,0.3170731707317073,10.814025846561252,37.87280912331099,assessed,0.018951899151798585,41.76643457160022,,81,26,155,[],,10.407157167225765,False,10.407157167225765,0.3170731707317073,,"{""mol_pred_loaded"": true, ""sanitization"": true, ""inchi_convertible"": true, ""all_atoms_connected"": true, ""no_radicals"": true, ""bond_lengths"": true, ""bond_angles"": true, ""internal_steric_clash"": true, ""aromatic_ring_flatness"": true, ""non-aromatic_ring_non-flatness"": true, ""double_bond_flatness"": true}",True,0.016342157519364638,,17,19,36,625,629,False,1208,50,43,True,False
s43_c27,True,0.0015313935681470138,0.0442836980533309,0.024390243902439025,12.863906277199295,26.227937625865653,assessed,0.02167796057710175,39.62942522825198,,53,35,110,[],,13.440179481468611,False,13.440179481468611,0.024390243902439025,,"{""mol_pred_loaded"": true, ""sanitization"": true, ""inchi_convertible"": true, ""all_atoms_connected"": true, ""no_radicals"": true, ""bond_lengths"": true, ""bond_angles"": true, ""internal_steric_clash"": true, ""aromatic_ring_flatness"": true, ""non-aromatic_ring_non-flatness"": true, ""double_bond_flatness"": true}",True,0.020886211183475136,,71,33,136,636,653,False,1235,51,43,True,False
s42_c24,True,0.003129890453834116,0.055177383129871006,0.04878048780487805,10.218379071992588,26.135182845300385,assessed,0.018360190417530967,32.88544195656517,,69,30,133,[],,4.769124897826188,False,4.769124897826188,0.04878048780487805,,"{""mol_pred_loaded"": true, ""sanitization"": true, ""inchi_convertible"": true, ""all_atoms_connected"": true, ""no_radicals"": true, ""bond_lengths"": true, ""bond_angles"": true, ""internal_steric_clash"": true, ""aromatic_ring_flatness"": true, ""non-aromatic_ring_non-flatness"": true, ""double_bond_flatness"": true}",True,0.027688330147208718,,24,20,50,672,639,False,1280,52,42,True,False
s42_c1,True,0.0061823802163833074,0.08483757648068067,0.0975609756097561,10.226614169222096,21.43423044871548,assessed,0.05126967784931999,36.26622265548759,,70,30,147,[],,15.208058150936953,False,15.195309919498335,0.0975609756097561,,"{""mol_pred_loaded"": true, ""sanitization"": true, ""inchi_convertible"": true, ""all_atoms_connected"": true, ""no_radicals"": true, ""bond_lengths"": true, ""bond_angles"": true, ""internal_steric_clash"": true, ""aromatic_ring_flatness"": true, ""non-aromatic_ring_non-flatness"": true, ""double_bond_flatness"": true}",True,0.01435558401420398,,71,30,147,689,647,False,1335,53,42,True,False
s44_c4,True,0.0027472527472527475,0.07381221422406302,0.04878048780487805,9.079109422248345,20.550499244371494,assessed,0.023251603060978253,23.342650057146585,,68,36,112,[],,12.397585176163684,False,12.38228275113174,0.04878048780487805,,"{""mol_pred_loaded"": true, ""sanitization"": true, ""inchi_convertible"": true, ""all_atoms_connected"": true, ""no_radicals"": true, ""bond_lengths"": true, ""bond_angles"": true, ""internal_steric_clash"": true, ""aromatic_ring_flatness"": true, ""non-aromatic_ring_non-flatness"": true, ""double_bond_flatness"": true}",True,0.01591550248126377,,42,25,85,729,728,False,1407,54,44,True,False
s43_c7,True,0.0,0.022364083497622506,0.0,13.688857129631,35.15649092218412,assessed,0.36655763539232467,46.610019549848495,,69,21,121,[],,10.131402653111689,False,10.112447848943065,0.0,,"{""mol_pred_loaded"": true, ""sanitization"": true, ""inchi_convertible"": true, ""all_atoms_connected"": true, ""no_radicals"": true, ""bond_lengths"": true, ""bond_angles"": true, ""internal_steric_clash"": true, ""aromatic_ring_flatness"": true, ""non-aromatic_ring_non-flatness"": true, ""double_bond_flatness"": true}",True,0.023069483241391485,,55,28,106,719,773,False,1445,55,43,True,False
s43_c30,True,0.0013089005235602095,0.0333952796114429,0.024390243902439025,11.03389374085744,34.365725697277824,assessed,0.015808021642257527,61.5820229288385,,53,21,103,[],,9.981808758221005,False,9.962862964080442,0.024390243902439025,,"{""mol_pred_loaded"": true, ""sanitization"": true, ""inchi_convertible"": true, ""all_atoms_connected"": true, ""no_radicals"": true, ""bond_lengths"": true, ""bond_angles"": true, ""internal_steric_clash"": true, ""aromatic_ring_flatness"": true, ""non-aromatic_ring_non-flatness"": true, ""double_bond_flatness"": true}",True,0.018329568028427005,,62,30,118,744,764,False,1473,56,43,True,False
s42_c8,True,0.0,0.020588299777928462,0.0,12.000529988332923,38.54191295055028,assessed,0.3529171824760669,37.9251269128229,,39,28,84,[],,7.264005775894352,False,7.23773571904435,0.0,,"{""mol_pred_loaded"": true, ""sanitization"": true, ""inchi_convertible"": true, ""all_atoms_connected"": true, ""no_radicals"": true, ""bond_lengths"": true, ""bond_angles"": true, ""internal_steric_clash"": true, ""aromatic_ring_flatness"": true, ""non-aromatic_ring_non-flatness"": true, ""double_bond_flatness"": true}",True,0.017136131072689288,,24,19,45,803,743,False,1468,57,42,True,False
s43_c17,True,0.0,0.015382234809282642,0.0,13.503043134566397,45.33696257950062,assessed,0.050980204841607826,41.166280288431594,,77,38,139,[],,16.064315871773793,False,16.064315871773793,0.0,,"{""mol_pred_loaded"": true, ""sanitization"": true, ""inchi_convertible"": true, ""all_atoms_connected"": true, ""no_radicals"": true, ""bond_lengths"": true, ""bond_angles"": true, ""internal_steric_clash"": true, ""aromatic_ring_flatness"": true, ""non-aromatic_ring_non-flatness"": true, ""double_bond_flatness"": true}",True,0.016013401285787897,,1,16,1,792,760,False,1516,58,43,True,False
s43_c19,True,0.0,0.018224828439251533,0.0,13.822960435772018,40.08212533852893,assessed,0.018515844765651965,48.07185976774254,,50,37,102,[],,16.166674069063,False,16.166674069063,0.0,,"{""mol_pred_loaded"": true, ""sanitization"": true, ""inchi_convertible"": true, ""all_atoms_connected"": true, ""no_radicals"": true, ""bond_lengths"": true, ""bond_angles"": true, ""internal_steric_clash"": true, ""aromatic_ring_flatness"": true, ""non-aromatic_ring_non-flatness"": true, ""double_bond_flatness"": true}",True,0.01948033260584465,,44,26,99,790,742,False,1476,59,43,True,False
s44_c15,True,0.0,0.024224548285296698,0.0,10.49764356301647,36.05042170035771,assessed,0.3526668924215196,44.39315195624712,,73,28,134,[],,12.33117945220351,False,12.33117945220351,0.0,,"{""mol_pred_loaded"": true, ""sanitization"": true, ""inchi_convertible"": true, ""all_atoms_connected"": true, ""no_radicals"": true, ""bond_lengths"": true, ""bond_angles"": true, ""internal_steric_clash"": true, ""aromatic_ring_flatness"": true, ""non-aromatic_ring_non-flatness"": true, ""double_bond_flatness"": true}",True,0.013958038239727319,,61,25,117,777,813,False,1550,60,44,True,False
s42_c31,True,0.00821917808219178,0.07375004060454361,0.14634146341463414,9.75514226700865,36.362610182594686,assessed,0.339479557711677,41.34979318614825,,59,32,116,[],,10.426202159395073,False,10.426202159395073,0.14634146341463414,,"{""mol_pred_loaded"": true, ""sanitization"": true, ""inchi_convertible"": true, ""all_atoms_connected"": true, ""no_radicals"": true, ""bond_lengths"": true, ""bond_angles"": true, ""internal_steric_clash"": true, ""aromatic_ring_flatness"": true, ""non-aromatic_ring_non-flatness"": true, ""double_bond_flatness"": true}",True,0.02045344030557787,,57,20,102,804,730,False,1471,61,42,True,False
s44_c14,True,0.0,0.021964503566650345,0.0,15.413008537041733,34.73124724136674,assessed,0.019561476839691474,39.81839645560553,,61,24,128,[],,10.131209667904567,False,10.131209667904567,0.0,,"{""mol_pred_loaded"": true, ""sanitization"": true, ""inchi_convertible"": true, ""all_atoms_connected"": true, ""no_radicals"": true, ""bond_lengths"": true, ""bond_angles"": true, ""internal_steric_clash"": true, ""aromatic_ring_flatness"": true, ""non-aromatic_ring_non-flatness"": true, ""double_bond_flatness"": true}",True,0.014967026729283576,,75,22,148,787,810,False,1539,62,44,True,False
s44_c26,True,0.01288659793814433,0.10848007306476594,0.24390243902439024,11.664744237218969,32.166416127135996,assessed,0.026750263776195698,61.23202413362631,,31,20,71,[],,13.102626160323105,False,13.08797359921246,0.24390243902439024,,"{""mol_pred_loaded"": true, ""sanitization"": true, ""inchi_convertible"": true, ""all_atoms_connected"": true, ""no_radicals"": true, ""bond_lengths"": true, ""bond_angles"": true, ""internal_steric_clash"": true, ""aromatic_ring_flatness"": true, ""non-aromatic_ring_non-flatness"": true, ""double_bond_flatness"": true}",True,0.01569885832186565,,45,27,85,865,776,False,1610,63,44,True,False
s43_c23,True,0.0010395010395010396,0.026965009615360847,0.024390243902439025,12.443379930332027,40.504112232902855,assessed,0.370945888110327,63.723526586595355,,49,20,87,[],,10.469740860371937,False,10.45194445504924,0.024390243902439025,,"{""mol_pred_loaded"": true, ""sanitization"": true, ""inchi_convertible"": true, ""all_atoms_connected"": true, ""no_radicals"": true, ""bond_lengths"": true, ""bond_angles"": true, ""internal_steric_clash"": true, ""aromatic_ring_flatness"": true, ""non-aromatic_ring_non-flatness"": true, ""double_bond_flatness"": true}",True,0.027981298795873733,,27,19,48,868,962,False,1734,64,43,True,False
s42_c5,True,0.001040582726326743,0.022302028818043756,0.024390243902439025,15.276193414435836,46.03678474818574,assessed,0.02034207638377261,52.23026774385995,,44,30,115,[],,10.686076477325257,False,10.686076477325257,0.024390243902439025,,"{""mol_pred_loaded"": true, ""sanitization"": true, ""inchi_convertible"": true, ""all_atoms_connected"": true, ""no_radicals"": true, ""bond_lengths"": true, ""bond_angles"": true, ""internal_steric_clash"": true, ""aromatic_ring_flatness"": true, ""non-aromatic_ring_non-flatness"": true, ""double_bond_flatness"": true}",True,0.016827892139996355,,0,16,3,901,961,False,1819,65,42,True,False
s42_c18,True,0.006042296072507553,0.07331443051416475,0.14634146341463414,11.901504047250814,34.266321357924134,assessed,0.017302491520728863,69.53799373842277,,0,14,3,[],,15.954370815178658,False,15.94249129181495,0.14634146341463414,,"{""mol_pred_loaded"": true, ""sanitization"": true, ""inchi_convertible"": true, ""all_atoms_connected"": true, ""no_radicals"": true, ""bond_lengths"": true, ""bond_angles"": true, ""internal_steric_clash"": true, ""aromatic_ring_flatness"": true, ""non-aromatic_ring_non-flatness"": true, ""double_bond_flatness"": true}",True,0.014651017957728286,,31,28,60,956,993,False,1835,66,42,True,False
s43_c31,True,0.005611672278338945,0.0628312260172874,0.12195121951219512,11.864139423933821,36.73881770690211,assessed,0.015481694996837062,56.51167241260037,,58,28,100,[],,7.474595850130675,False,7.474595850130675,0.12195121951219512,,"{""mol_pred_loaded"": true, ""sanitization"": true, ""inchi_convertible"": true, ""all_atoms_connected"": true, ""no_radicals"": true, ""bond_lengths"": true, ""bond_angles"": true, ""internal_steric_clash"": true, ""aromatic_ring_flatness"": true, ""non-aromatic_ring_non-flatness"": true, ""double_bond_flatness"": true}",True,0.024104912329806823,,22,22,51,914,891,False,1743,67,43,True,False
s44_c1,True,0.0,0.013488752161130926,0.0,16.155985975990152,46.810660569077484,assessed,0.02244436439984983,60.847516066416496,,66,34,134,[],,13.673824294776328,False,13.659993975373633,0.0,,"{""mol_pred_loaded"": true, ""sanitization"": true, ""inchi_convertible"": true, ""all_atoms_connected"": true, ""no_radicals"": true, ""bond_lengths"": true, ""bond_angles"": true, ""internal_steric_clash"": true, ""aromatic_ring_flatness"": true, ""non-aromatic_ring_non-flatness"": true, ""double_bond_flatness"": true}",True,0.018393416895398963,,22,19,47,936,882,False,1760,68,44,True,False
s42_c22,True,0.020022246941045607,0.18038766532959075,0.43902439024390244,8.771541954761018,30.128576762498422,assessed,0.3534787915283044,60.80076177350949,,5,15,12,[],,15.642905691798084,False,15.642905691798084,0.43902439024390244,,"{""mol_pred_loaded"": true, ""sanitization"": true, ""inchi_convertible"": true, ""all_atoms_connected"": true, ""no_radicals"": true, ""bond_lengths"": true, ""bond_angles"": true, ""internal_steric_clash"": true, ""aromatic_ring_flatness"": true, ""non-aromatic_ring_non-flatness"": true, ""double_bond_flatness"": true}",True,0.0160657382167148,,84,35,145,971,899,False,1807,69,42,True,False
s44_c11,True,0.0010193679918450561,0.033050665799792774,0.024390243902439025,10.77245190903859,34.98440909602774,assessed,0.02254683181074945,31.600556177452564,,64,30,119,[],,15.49252686333204,False,15.49252686333204,0.024390243902439025,,"{""mol_pred_loaded"": true, ""sanitization"": true, ""inchi_convertible"": true, ""all_atoms_connected"": true, ""no_radicals"": true, ""bond_lengths"": true, ""bond_angles"": true, ""internal_steric_clash"": true, ""aromatic_ring_flatness"": true, ""non-aromatic_ring_non-flatness"": true, ""double_bond_flatness"": true}",True,0.018504595753520876,,52,24,92,961,981,False,1865,70,44,True,False
s43_c3,True,0.0,0.018726333485370745,0.0,12.023312216212522,41.18595414278483,assessed,0.04786793466659789,49.13216817256109,,56,27,112,[],,12.304577140471567,False,12.289029369662137,0.0,,"{""mol_pred_loaded"": true, ""sanitization"": true, ""inchi_convertible"": true, ""all_atoms_connected"": true, ""no_radicals"": true, ""bond_lengths"": true, ""bond_angles"": true, ""internal_steric_clash"": true, ""aromatic_ring_flatness"": true, ""non-aromatic_ring_non-flatness"": true, ""double_bond_flatness"": true}",True,0.015825429006264952,,27,20,44,996,959,False,1882,71,43,True,False
s43_c11,True,0.0,0.014448096462949285,0.0,15.468997646553575,45.28725471059646,assessed,0.017935235775535668,59.6219252283389,,84,26,154,[],,11.546235221175408,False,11.546235221175408,0.0,,"{""mol_pred_loaded"": true, ""sanitization"": true, ""inchi_convertible"": true, ""all_atoms_connected"": true, ""no_radicals"": true, ""bond_lengths"": true, ""bond_angles"": true, ""internal_steric_clash"": true, ""aromatic_ring_flatness"": true, ""non-aromatic_ring_non-flatness"": true, ""double_bond_flatness"": true}",True,0.01720330333221061,,10,17,20,986,924,False,1932,72,43,True,False
s42_c30,True,0.0,0.01783064715905391,0.0,15.104679580920454,39.75010542779314,assessed,0.3549495481544703,59.52308011553663,,62,23,123,[],,11.490934266087415,False,11.474651129372278,0.0,,"{""mol_pred_loaded"": true, ""sanitization"": true, ""inchi_convertible"": true, ""all_atoms_connected"": true, ""no_radicals"": true, ""bond_lengths"": true, ""bond_angles"": true, ""internal_steric_clash"": true, ""aromatic_ring_flatness"": true, ""non-aromatic_ring_non-flatness"": true, ""double_bond_flatness"": true}",True,0.017782791029481288,,44,23,88,1008,1017,False,1994,73,42,True,False
s43_c26,True,0.0,0.01636341488009893,0.0,14.037918395205017,42.884158053225846,assessed,0.017224896135079364,48.84879464667888,,55,25,106,[],,5.476408139202346,False,5.476408139202346,0.0,,"{""mol_pred_loaded"": true, ""sanitization"": true, ""inchi_convertible"": true, ""all_atoms_connected"": true, ""no_radicals"": true, ""bond_lengths"": true, ""bond_angles"": true, ""internal_steric_clash"": true, ""aromatic_ring_flatness"": true, ""non-aromatic_ring_non-flatness"": true, ""double_bond_flatness"": true}",True,0.015573397342403747,,24,19,52,1056,1009,False,2026,74,43,True,False
s44_c28,True,0.0037735849056603774,0.05028356199471332,0.0975609756097561,11.116412712495881,44.36516444800496,assessed,0.023460278874876152,59.421812370179964,,57,26,103,[],,10.296259271601933,False,10.278702932685633,0.0975609756097561,,"{""mol_pred_loaded"": true, ""sanitization"": true, ""inchi_convertible"": true, ""all_atoms_connected"": true, ""no_radicals"": true, ""bond_lengths"": true, ""bond_angles"": true, ""internal_steric_clash"": true, ""aromatic_ring_flatness"": true, ""non-aromatic_ring_non-flatness"": true, ""double_bond_flatness"": true}",True,0.014173545529446038,,17,19,32,1071,1060,False,2021,75,44,True,False
s44_c21,True,0.0,0.019071098606039397,0.0,12.049167901229048,40.6196195710212,assessed,0.014433209124538653,63.528552696490515,,55,23,95,[],,9.122864913717478,False,9.122864913717478,0.0,,"{""mol_pred_loaded"": true, ""sanitization"": true, ""inchi_convertible"": true, ""all_atoms_connected"": true, ""no_radicals"": true, ""bond_lengths"": true, ""bond_angles"": true, ""internal_steric_clash"": true, ""aromatic_ring_flatness"": true, ""non-aromatic_ring_non-flatness"": true, ""double_bond_flatness"": true}",True,0.01753698999258356,,22,19,51,1081,1055,False,2107,76,44,True,False
s42_c6,True,0.0,0.013540988896312481,0.0,16.27010542494961,46.603558212731734,assessed,0.01488581671568046,53.200366191991634,,49,27,99,[],,7.362546736753948,False,7.336309358361017,0.0,,"{""mol_pred_loaded"": true, ""sanitization"": true, ""inchi_convertible"": true, ""all_atoms_connected"": true, ""no_radicals"": true, ""bond_lengths"": true, ""bond_angles"": true, ""internal_steric_clash"": true, ""aromatic_ring_flatness"": true, ""non-aromatic_ring_non-flatness"": true, ""double_bond_flatness"": true}",True,0.017615290422854063,,16,17,30,1096,1098,False,2161,77,42,True,False
s43_c2,True,0.0,0.019361752086331393,0.0,14.8453162982026,37.86315504667542,assessed,0.021664128832145104,52.20433524892539,,39,17,75,[],,11.731644264580959,False,11.731644264580959,0.0,,"{""mol_pred_loaded"": true, ""sanitization"": true, ""inchi_convertible"": true, ""all_atoms_connected"": true, ""no_radicals"": true, ""bond_lengths"": true, ""bond_angles"": true, ""internal_steric_clash"": true, ""aromatic_ring_flatness"": true, ""non-aromatic_ring_non-flatness"": true, ""double_bond_flatness"": true}",True,0.02167490946295676,,67,32,138,1068,1101,False,2063,78,43,True,False
s42_c14,True,0.004488330341113106,0.0609612121185929,0.12195121951219512,13.570386863407474,37.50207527886232,assessed,0.018531400318225835,57.53113104619522,,4,19,17,[],,7.335257312013567,False,7.3093809531893665,0.12195121951219512,,"{""mol_pred_loaded"": true, ""sanitization"": true, ""inchi_convertible"": true, ""all_atoms_connected"": true, ""no_radicals"": true, ""bond_lengths"": true, ""bond_angles"": true, ""internal_steric_clash"": true, ""aromatic_ring_flatness"": true, ""non-aromatic_ring_non-flatness"": true, ""double_bond_flatness"": true}",True,0.01697011831687892,,30,27,57,1176,1114,False,2252,79,42,True,False
s44_c17,True,0.006375227686703097,0.08052675341610888,0.17073170731707318,12.922246895887097,34.396309999453344,assessed,0.019949092349468973,58.678418605548046,,31,28,67,[],,9.693341563367978,False,9.673440861849478,0.17073170731707318,,"{""mol_pred_loaded"": true, ""sanitization"": true, ""inchi_convertible"": true, ""all_atoms_connected"": true, ""no_radicals"": true, ""bond_lengths"": true, ""bond_angles"": true, ""internal_steric_clash"": true, ""aromatic_ring_flatness"": true, ""non-aromatic_ring_non-flatness"": true, ""double_bond_flatness"": true}",True,0.020153899311568198,,53,28,99,1150,1098,False,2185,80,44,True,False
s44_c31,True,0.0,0.015593836011464185,0.0,13.353473947624684,45.087661704094984,assessed,0.34926724753043686,62.72928865262055,,63,32,128,[],,12.67041076022888,False,12.67041076022888,0.0,,"{""mol_pred_loaded"": true, ""sanitization"": true, ""inchi_convertible"": true, ""all_atoms_connected"": true, ""no_radicals"": true, ""bond_lengths"": true, ""bond_angles"": true, ""internal_steric_clash"": true, ""aromatic_ring_flatness"": true, ""non-aromatic_ring_non-flatness"": true, ""double_bond_flatness"": true}",True,0.016244197473792313,,40,20,76,1139,1105,False,2115,81,44,True,False
s42_c3,True,0.0,0.018084499069348146,0.0,13.8148265936711,40.295172129878054,assessed,0.01712521705034058,54.18054041964384,,1,17,9,[],,13.27829586236385,False,13.263510641561403,0.0,,"{""mol_pred_loaded"": true, ""sanitization"": true, ""inchi_convertible"": true, ""all_atoms_connected"": true, ""no_radicals"": true, ""bond_lengths"": true, ""bond_angles"": true, ""internal_steric_clash"": true, ""aromatic_ring_flatness"": true, ""non-aromatic_ring_non-flatness"": true, ""double_bond_flatness"": true}",True,0.014491369732732977,,60,23,114,1190,1179,False,2258,82,42,True,False
s42_c16,True,0.0008244023083264633,0.02615186446969976,0.024390243902439025,12.718620323011038,41.45440577379639,assessed,0.017115181032249748,56.98995215739855,,49,20,96,[],,9.082083134136811,False,9.082083134136811,0.024390243902439025,,"{""mol_pred_loaded"": true, ""sanitization"": true, ""inchi_convertible"": true, ""all_atoms_connected"": true, ""no_radicals"": true, ""bond_lengths"": true, ""bond_angles"": true, ""internal_steric_clash"": true, ""aromatic_ring_flatness"": true, ""non-aromatic_ring_non-flatness"": true, ""double_bond_flatness"": true}",True,0.019136262693611336,,61,25,111,1154,1213,False,2319,83,42,True,False
s43_c21,True,0.0,0.01758169196155339,0.0,15.077988734320515,40.12636213867701,assessed,0.35628689235801264,38.52981059089909,,87,29,168,[],,15.45974942025999,False,15.44727199595025,0.0,,"{""mol_pred_loaded"": true, ""sanitization"": true, ""inchi_convertible"": true, ""all_atoms_connected"": true, ""no_radicals"": true, ""bond_lengths"": true, ""bond_angles"": true, ""internal_steric_clash"": true, ""aromatic_ring_flatness"": true, ""non-aromatic_ring_non-flatness"": true, ""double_bond_flatness"": true}",True,0.016424858978466524,,48,22,88,1142,1093,False,2200,84,43,True,False
s44_c9,True,0.0,0.01826502008315899,0.0,13.854328807378199,39.99837825821694,assessed,0.3559246720682435,44.012522356009235,,65,26,135,[],,12.289627507483088,False,12.289627507483088,0.0,,"{""mol_pred_loaded"": true, ""sanitization"": true, ""inchi_convertible"": true, ""all_atoms_connected"": true, ""no_radicals"": true, ""bond_lengths"": true, ""bond_angles"": true, ""internal_steric_clash"": true, ""aromatic_ring_flatness"": true, ""non-aromatic_ring_non-flatness"": true, ""double_bond_flatness"": true}",True,0.01773350130375071,,44,22,96,1185,1196,False,2327,85,44,True,False
s43_c5,True,0.0008250825082508251,0.023785472421787978,0.024390243902439025,14.009773871666084,44.21981797004748,assessed,0.02179337394560641,51.17444419358312,,70,34,137,[],,10.231391950940848,False,10.212385211739466,0.024390243902439025,,"{""mol_pred_loaded"": true, ""sanitization"": true, ""inchi_convertible"": true, ""all_atoms_connected"": true, ""no_radicals"": true, ""bond_lengths"": true, ""bond_angles"": true, ""internal_steric_clash"": true, ""aromatic_ring_flatness"": true, ""non-aromatic_ring_non-flatness"": true, ""double_bond_flatness"": true}",True,0.017380150336514473,,23,19,47,1222,1212,False,2334,86,43,True,False
s44_c13,True,0.0008673026886383347,0.02276216628161054,0.024390243902439025,15.171897962236295,45.158868664363986,assessed,0.02677901196067219,54.48856276086051,,49,29,96,[],,13.267906242757459,False,13.25312644139817,0.024390243902439025,,"{""mol_pred_loaded"": true, ""sanitization"": true, ""inchi_convertible"": true, ""all_atoms_connected"": true, ""no_radicals"": true, ""bond_lengths"": true, ""bond_angles"": true, ""internal_steric_clash"": true, ""aromatic_ring_flatness"": true, ""non-aromatic_ring_non-flatness"": true, ""double_bond_flatness"": true}",True,0.014818150996105561,,32,20,62,1313,1153,False,2426,87,44,True,False
s44_c19,True,0.0,0.014020975566813214,0.0,16.414460893433283,45.45887825096028,assessed,0.018545778007830197,49.599061780482664,,23,23,37,[],,9.427790706191308,False,9.407072103101752,0.0,,"{""mol_pred_loaded"": true, ""sanitization"": true, ""inchi_convertible"": true, ""all_atoms_connected"": true, ""no_radicals"": true, ""bond_lengths"": true, ""bond_angles"": true, ""internal_steric_clash"": true, ""aromatic_ring_flatness"": true, ""non-aromatic_ring_non-flatness"": true, ""double_bond_flatness"": true}",True,0.01404789325556254,,18,17,38,1362,1261,False,2548,88,44,True,False
s44_c0,True,0.0,0.015929639150131045,0.0,13.992996741987689,43.71606019723538,assessed,0.02036770190959215,64.8549442646574,,70,29,141,[],,14.805185000071564,False,14.792341065993744,0.0,,"{""mol_pred_loaded"": true, ""sanitization"": true, ""inchi_convertible"": true, ""all_atoms_connected"": true, ""no_radicals"": true, ""bond_lengths"": true, ""bond_angles"": true, ""internal_steric_clash"": true, ""aromatic_ring_flatness"": true, ""non-aromatic_ring_non-flatness"": true, ""double_bond_flatness"": true}",True,0.0194283361482863,,57,26,95,1284,1177,False,2381,89,44,True,False
s43_c10,True,0.0,0.016726213556479637,0.0,13.884232902090572,42.39696432129802,assessed,0.028563508859085106,54.95217662654964,,80,24,154,[],,13.208383583166682,False,13.1942858720083,0.0,,"{""mol_pred_loaded"": true, ""sanitization"": true, ""inchi_convertible"": true, ""all_atoms_connected"": true, ""no_radicals"": true, ""bond_lengths"": true, ""bond_angles"": true, ""internal_steric_clash"": true, ""aromatic_ring_flatness"": true, ""non-aromatic_ring_non-flatness"": true, ""double_bond_flatness"": true}",True,0.01458792958192298,,47,26,87,1332,1240,False,2550,90,43,True,False
s44_c16,True,0.0,0.01667031210010612,0.0,13.29592856238425,43.09678196396578,assessed,0.04796908964389517,56.51578493631303,,78,27,146,[],,15.784980825746139,False,15.784980825746139,0.0,,"{""mol_pred_loaded"": true, ""sanitization"": true, ""inchi_convertible"": true, ""all_atoms_connected"": true, ""no_radicals"": true, ""bond_lengths"": true, ""bond_angles"": true, ""internal_steric_clash"": true, ""aromatic_ring_flatness"": true, ""non-aromatic_ring_non-flatness"": true, ""double_bond_flatness"": true}",True,0.01501237078285754,,55,25,94,1368,1213,False,2580,91,44,True,False
s42_c9,True,0.0,0.015285783164975983,0.0,13.465071253910736,45.58585109849344,assessed,0.02092505478185732,49.39299606859488,,81,29,157,[],,10.281936493036191,False,10.281936493036191,0.0,,"{""mol_pred_loaded"": true, ""sanitization"": true, ""inchi_convertible"": true, ""all_atoms_connected"": true, ""no_radicals"": true, ""bond_lengths"": true, ""bond_angles"": true, ""internal_steric_clash"": true, ""aromatic_ring_flatness"": true, ""non-aromatic_ring_non-flatness"": true, ""double_bond_flatness"": true}",True,0.018606122595860246,,39,19,66,1433,1335,False,2753,92,42,True,False
s43_c9,True,0.0,0.01460888167414924,0.0,14.40567246246619,45.93993528951176,assessed,0.020335265183119875,59.79349308397856,,72,34,134,[],,14.339981354955386,False,14.339981354955386,0.0,,"{""mol_pred_loaded"": true, ""sanitization"": true, ""inchi_convertible"": true, ""all_atoms_connected"": true, ""no_radicals"": true, ""bond_lengths"": true, ""bond_angles"": true, ""internal_steric_clash"": true, ""aromatic_ring_flatness"": true, ""non-aromatic_ring_non-flatness"": true, ""double_bond_flatness"": true}",True,0.01835174929036071,,46,24,82,1444,1378,False,2691,93,43,True,False
s44_c12,True,0.0021337126600284497,0.04269570578198806,0.07317073170731707,12.586488121024116,41.15475649945614,assessed,0.034887443477002775,51.76797592347654,,19,23,46,[],,12.913531685090891,False,12.913531685090891,0.07317073170731707,,"{""mol_pred_loaded"": true, ""sanitization"": true, ""inchi_convertible"": true, ""all_atoms_connected"": true, ""no_radicals"": true, ""bond_lengths"": true, ""bond_angles"": true, ""internal_steric_clash"": true, ""aromatic_ring_flatness"": true, ""non-aromatic_ring_non-flatness"": true, ""double_bond_flatness"": true}",True,0.019970511912546934,,67,27,117,1484,1406,False,2835,94,44,True,False
s43_c13,True,0.004216444132115249,0.06890404393253692,0.14634146341463414,12.288443470028312,38.84690217064178,assessed,0.02217763464740088,64.01853334674027,,22,25,54,[],,10.735362860110468,False,10.717175329291356,0.14634146341463414,,"{""mol_pred_loaded"": true, ""sanitization"": true, ""inchi_convertible"": true, ""all_atoms_connected"": true, ""no_radicals"": true, ""bond_lengths"": true, ""bond_angles"": true, ""internal_steric_clash"": true, ""aromatic_ring_flatness"": true, ""non-aromatic_ring_non-flatness"": true, ""double_bond_flatness"": true}",True,0.03440866695299412,,59,26,104,1568,1423,False,2861,95,43,True,False
s42_c13,True,0.0006891798759476223,0.0251330609400154,0.024390243902439025,13.040554295481149,42.796398525425566,assessed,0.017187395294364638,54.514463821990866,,70,27,126,[],,13.089779536916668,False,13.075155224345012,0.024390243902439025,,"{""mol_pred_loaded"": true, ""sanitization"": true, ""inchi_convertible"": true, ""all_atoms_connected"": true, ""no_radicals"": true, ""bond_lengths"": true, ""bond_angles"": true, ""internal_steric_clash"": true, ""aromatic_ring_flatness"": true, ""non-aromatic_ring_non-flatness"": true, ""double_bond_flatness"": true}",True,0.015006689803278015,,57,24,98,1633,1451,False,3042,96,42,True,False
